<?xml version="1.0" encoding="utf-8"?>
<!--/465691/1516381/2.50/2/0/Inductor/-->
<quadcept_library>
  <setting unit="mil" />
  <textstyle name="Default" height="47.244094488189" strokewidth="7.8740157480315" charwidth="47.244094488189" />
  <textstyle name="Dimension" height="19.6850393700787" strokewidth="0" charwidth="19.6850393700787" />
  <textstyle name="H127W0635TH00762" height="50" strokewidth="3" charwidth="25" />
  <textstyle name="H15W15TH02" height="59.0551181102362" strokewidth="7.8740157480315" charwidth="59.0551181102362" />
  <padstyle name="r540_290" surface="True" plated="False" isvia="False" nopaste="False" nomask="True" complex="False" holesize="0">
    <padshape layer="TOP" shape="rectangle" width="114.17322834646" height="212.59842519685" />
    <padshape layer="TOP_SOLDER_MASK" shape="rectangle" width="122.04724409449" height="220.47244094488" />
    <padshape layer="TOP_SOLDER_PASTE" shape="rectangle" width="114.17322834646" height="212.59842519685" />
  </padstyle>
  <footprint name="WE-PD_1260/1245/1280/121054" originx="0" originy="0" pickpointx="0" pickpointy="0">
    <pcbpin number="1" name="1" style="r540_290" originx="-194.88188976378" originy="0" rotation="0" />
    <pcbpin number="2" name="2" style="r540_290" originx="194.88188976378" originy="0" rotation="0" />
    <line layer="TOP_ASSEMBLY" originx="194.88188976378" originy="0" endx="-194.88188976378" endy="0" width="12" />
    <line layer="TOP_SILKSCREEN" originx="-236.22047244094" originy="-236.22047244094" endx="236.22047244094" endy="-236.22047244094" width="4.9999999999999" />
    <line layer="TOP_ASSEMBLY" originx="236.22047244094" originy="-236.22047244094" endx="236.22047244094" endy="236.22047244094" width="4.9999999999999" />
    <line layer="TOP_SILKSCREEN" originx="236.22047244094" originy="236.22047244094" endx="-236.22047244094" endy="236.22047244094" width="4.9999999999999" />
    <line layer="TOP_ASSEMBLY" originx="-236.22047244094" originy="236.22047244094" endx="-236.22047244094" endy="-236.22047244094" width="4.9999999999999" />
    <line layer="TOP_PLACE_BOUND" originx="-275.5905511811" originy="255.90551181102" endx="-275.5905511811" endy="-255.90551181102" width="4.9999999999999" />
    <line layer="TOP_PLACE_BOUND" originx="-275.5905511811" originy="-255.90551181102" endx="275.5905511811" endy="-255.90551181102" width="4.9999999999999" />
    <line layer="TOP_PLACE_BOUND" originx="275.5905511811" originy="-255.90551181102" endx="275.5905511811" endy="255.90551181102" width="4.9999999999999" />
    <line layer="TOP_PLACE_BOUND" originx="275.5905511811" originy="255.90551181102" endx="-275.5905511811" endy="255.90551181102" width="4.9999999999999" />
  </footprint>
  <symbol name="744771156" originx="0" originy="0">
    <arc originx="250" originy="-2" startangle="177.7" sweepangle="-175.4" radius="50" width="0" />
    <arc originx="350" originy="-2" startangle="177.7" sweepangle="-175.4" radius="50" width="0" />
    <arc originx="450" originy="-2" startangle="177.7" sweepangle="-175.4" radius="50" width="0" />
    <arc originx="550" originy="-2" startangle="177.7" sweepangle="-175.4" radius="50" width="0" />
    <sympin number="1" originx="200" originy="0" rotation="180" length="100" width="7.8740157480315" flipped="False">
      <text name="pinname" originx="0" originy="-10" style="Default" rotation="0" justify="upperleft" flipped="False" hidden="True" data="1" />
      <text name="pindes" originx="0" originy="10" style="Default" rotation="0" justify="lowerleft" flipped="False" hidden="False" data="1" />
    </sympin>
    <sympin number="2" originx="600" originy="0" rotation="0" length="100" width="7.8740157480315" flipped="False">
      <text name="pinname" originx="800" originy="-10" style="Default" rotation="0" justify="upperright" flipped="False" hidden="True" data="2" />
      <text name="pindes" originx="800" originy="10" style="Default" rotation="0" justify="lowerright" flipped="False" hidden="False" data="2" />
    </sympin>
  </symbol>
  <component name="744771156" designatorprefix="L" height="0" footprint="WE-PD_1260/1245/1280/121054">
    <comppin designator="1" sympin="1" pinswap="0" gateswap="0" gate="1" group="1" side="" type="Any" name="1" />
    <comppin designator="2" sympin="2" pinswap="0" gateswap="0" gate="1" group="1" side="" type="Any" name="2" />
    <attached_symbol gate="1" name="744771156" />
    <pinmap designator="1" footprintpin="1" />
    <pinmap designator="2" footprintpin="2" />
    <text name="Datasheet" originx="0" originy="0" style="Default" rotation="0" justify="" flipped="False" hidden="True" data="" />
    <text name="Description" originx="0" originy="0" style="Default" rotation="0" justify="" flipped="False" hidden="True" data="Wurth WE-PD Series Shielded Wire-wound SMD Inductor 56 uH +/-20% 2.01A Idc" />
    <text name="Mouser Part Number" originx="0" originy="0" style="Default" rotation="0" justify="" flipped="False" hidden="True" data="710-744771156" />
    <text name="Mouser Price/Stock" originx="0" originy="0" style="Default" rotation="0" justify="" flipped="False" hidden="True" data="https://www.mouser.co.uk/ProductDetail/Wurth-Elektronik/744771156?qs=E%2F%2FhvbtCqpMc%2F29JH%252BKd8Q%3D%3D" />
    <text name="Manufacturer_Name" originx="0" originy="0" style="Default" rotation="0" justify="" flipped="False" hidden="True" data="Wurth Elektronik" />
    <text name="Manufacturer_Part_Number" originx="650" originy="150" style="Default" rotation="0" justify="left" flipped="False" hidden="False" data="744771156" />
  </component>
</quadcept_library>
